,subs
0,8ncnpf
1,8nbvoa
2,8ncbjw
3,8nbtt0
4,8ncwal
5,8nbune
6,8ncnjv
7,8nbhvu
8,8nbj1e
9,8nb44d
10,8ncl03
11,8nb45v
12,8nbun4
13,8nbfux
14,8narht
15,8nb4n6
16,8nbmww
17,8nb9te
18,8nb6kv
19,8nasj7
20,8nbblw
21,8naygm
22,8nc4dn
23,8nb3zj
24,8naomm
25,8ncoi8
26,8na9xo
27,8nbm6k
28,8nbzze
29,8na71i
30,8namnw
31,8na60e
32,8naock
33,8nam5r
34,8nagwf
35,8nab06
36,8naxkh
37,8naz40
38,8nag7e
39,8na6ae
40,8naij3
41,8na176
42,8nb2yf
43,8nao8g
44,8nbg06
45,8nbmb6
46,8ncab8
47,8nbizi
48,8n9n6q
49,8nau5t
50,8n9r8v
51,8n9ujr
52,8nai86
53,8n9o8x
54,8n9jk6
55,8n9wuv
56,8naa39
57,8n9ypu
58,8n9uqt
59,8nbeol
60,8nal9i
61,8naype
62,8n9sis
63,8n959q
64,8n9dvx
65,8ncfja
66,8nar7x
67,8nc0e9
68,8nbl1v
69,8n9w3o
70,8nc8eq
71,8n9hqf
72,8n9rf3
73,8n925c
74,8nbkgs
75,8nc1m5
76,8nbk42
77,8nckgc
78,8n9079
79,8najdp
80,8naeen
81,8n9zxb
82,8n97rm
83,8n96ot
84,8n9aov
85,8n9gmi
86,8nbb34
87,8naioi
88,8nat78
89,8n91xx
90,8n9d3y
91,8ncf70
92,8nd3rx
93,8n8yeb
94,8n8xa6
95,8nalog
96,8nb3ob
97,8nagww
98,8n8zft
99,8n8rlc
100,8n8oqk
101,8n9oh1
102,8n9lxq
103,8n8vrg
104,8nbcod
105,8nadwr
106,8naoev
107,8n974b
108,8na0we
109,8n9gds
110,8n92t8
111,8narqk
112,8nbh6l
113,8n8mrz
114,8n8m0m
115,8n8pbb
116,8n8yu2
117,8naevc
118,8n8dfd
119,8n9wfa
120,8nc5u0
121,8nariv
122,8naz9a
123,8nc7y1
124,8n9yse
125,8n8lbn
126,8nb3hk
127,8n8eah
128,8nb8oy
129,8nbl2x
130,8n8jy8
131,8na4b6
132,8nbjmz
133,8n9twq
134,8n8hdo
135,8nbzkf
136,8n9n5m
137,8n8obm
138,8naxz4
139,8n9hh7
140,8n8ybu
141,8n8yq8
142,8n9ro7
143,8naslu
144,8n9j5f
145,8naowl
146,8n9o92
147,8nbjf1
148,8n8zd1
149,8nc4pz
150,8na4hz
151,8n930z
152,8nbyz6
153,8nc5tl
154,8n91op
155,8nbsou
156,8n9x0i
157,8n8cu2
158,8na4y0
159,8n8dm6
160,8n9xkn
161,8naipp
162,8n9pfh
163,8n86lz
164,8n8wbk
165,8n9spf
166,8n9f48
167,8n92iu
168,8nbdl1
169,8nbd1o
170,8naa71
171,8n88mg
172,8n9beu
173,8n8hu9
174,8nbpnf
175,8n7wv8
176,8n8c6z
177,8n8qx9
178,8n89lv
179,8n8wex
180,8n9li9
181,8nbwh5
182,8n8oxr
183,8n9ebr
184,8n86e0
185,8n7u9p
186,8nb1rs
187,8n89d9
188,8n8zcx
189,8nby69
190,8n8kow
191,8navbf
192,8n9z7s
193,8n9g4a
194,8n980w
195,8na9ca
196,8nbiqe
197,8n8u17
198,8n8z6r
199,8n8hd8
200,8n805b
201,8nb2ze
202,8n8t40
203,8natqs
204,8nb2xt
205,8n7sfn
206,8n9jay
207,8n93rq
208,8nag2r
209,8nbmdp
210,8n7vo5
211,8n85i7
212,8n7zt2
213,8n9m3v
214,8n9kyw
215,8n90yw
216,8nb2ut
217,8napkd
218,8n7s5v
219,8nbngs
220,8n7qrt
221,8n8mxh
222,8n8p7t
223,8nafcf
224,8n8kza
225,8n7ny2
226,8nawd5
227,8n7pzw
228,8n82x7
229,8nbnhh
230,8n7l53
231,8nb9b8
232,8n9t6h
233,8n7npw
234,8n8cxx
235,8n9vuu
236,8n89aj
237,8n8f33
238,8n89el
239,8n83vh
240,8n7jc2
241,8n8p03
242,8n7nfc
243,8n8s39
244,8n9wx6
245,8n8w5q
246,8naisk
247,8na8ra
248,8n8eza
249,8nbjhh
250,8nazsk
251,8n9r8p
252,8n8teu
253,8n9dkz
254,8n80o3
255,8n9zxw
256,8n8j1d
257,8n89nh
258,8nc4lp
259,8n7ws0
260,8ncbko
261,8naetd
262,8ncsqz
263,8n8krf
264,8n7cr3
265,8naagw
266,8n806v
267,8n7n76
268,8nb0rv
269,8na2y4
270,8n7ojj
271,8n9ufz
272,8n7m3b
273,8n7fu1
274,8n7ldx
275,8na59b
276,8nc671
277,8n9cdf
278,8n91pe
279,8n7y9e
280,8nbhii
281,8nbyf9
282,8nbsou
283,8n9dcq
284,8najeu
285,8n7q5w
286,8n7mdm
287,8n7lqg
288,8n7kp9
289,8ncgcf
290,8n8wju
291,8n7wdz
292,8nd3gp
293,8narpu
294,8n9rnj
295,8nbqyv
296,8n79bn
297,8n7rp8
298,8nbzkh
299,8nch6p
300,8nc566
301,8n8qwb
302,8n9vko
303,8naet6
304,8n8rpo
305,8n9vn8
306,8na4br
307,8nak2t
308,8n7vvd
309,8n7j6p
310,8n9opc
311,8n8643
312,8n9xxv
313,8n8cym
314,8n97we
315,8nc8a9
316,8n90mp
317,8n8v1d
318,8n7nr1
319,8ncb2a
320,8nd64e
321,8naogk
322,8n7xz6
323,8n74tk
324,8n7npk
325,8n7ctf
326,8nc9aj
327,8n9c3b
328,8n9eyi
329,8n8hfs
330,8n8syd
331,8nan4z
332,8n7g9i
333,8n86a5
334,8nb0vm
335,8nbiy5
336,8naucy
337,8nb5im
338,8n9aag
339,8nboyr
340,8n977q
341,8nasa3
342,8n7c7i
343,8nbpvj
344,8nb4ao
345,8n7vvr
346,8nc9ih
347,8n9jf3
348,8nc7ft
349,8n8hwz
350,8n8okc
351,8nb4va
352,8nai5d
353,8nbldk
354,8n83xc
355,8ncgnr
356,8nan8z
357,8nbr31
358,8najpz
359,8n9mcg
360,8n85o8
361,8nac16
362,8n7kut
363,8n9csi
364,8n79sa
365,8ncf6e
366,8n924w
367,8na4du
368,8n7s3h
369,8nb4bd
370,8n7w7g
371,8n93wl
372,8ncu58
373,8nacok
374,8n9ea5
375,8n7mkc
376,8n969r
377,8n7ov8
378,8n8dvl
379,8n9t6h
380,8ncvu5
381,8n93nk
382,8nadpc
383,8n7gzy
384,8n8vzw
385,8n73nn
386,8nb34m
387,8n9op9
388,8n7pmr
389,8nae7q
390,8nairs
391,8ncp3k
392,8nczrl
393,8nc1u0
394,8nd80a
395,8n8b6h
396,8na6v0
397,8nc9d9
398,8n8pal
399,8n7mmr
400,8nbzi8
401,8n8pal
402,8nbkf8
403,8nag6y
404,8ncnh3
405,8nblq4
406,8n8beo
407,8n9oli
408,8n88yu
409,8nc7iz
410,8n842x
411,8ncky0
412,8n7ape
413,8n7uct
414,8nacgw
415,8n9hax
416,8n9j7y
417,8n8sur
418,8ncwr7
419,8n7law
420,8nacx5
421,8n9zo3
422,8n90hw
423,8n9rqf
424,8nbbu7
425,8n87a3
426,8n7in7
427,8n8she
428,8n7qdb
429,8n9uha
430,8n99dh
431,8nbx1f
432,8n9khh
433,8naybe
434,8n9c5u
435,8n8zfz
436,8nct9q
437,8n9p70
438,8nbgj0
439,8n7jey
440,8nc44a
441,8ncgtr
442,8n8ez3
443,8nbb2e
444,8n9clk
445,8nbhhf
446,8n8qvr
447,8nbhd5
448,8n7ika
449,8n7bc5
450,8na6ob
451,8na2gm
452,8n6xkf
453,8n7e0r
454,8n94zf
455,8nag7p
456,8n7qha
457,8nagxe
458,8naxd3
459,8n9lak
460,8n6o00
461,8n83pd
462,8nbeyz
463,8nap4g
464,8n7ovw
465,8nch2a
466,8nc2sk
467,8n9jcb
468,8n83mf
469,8naven
470,8n7k87
471,8nbyg0
472,8ncg5o
473,8n9urs
474,8n8yvp
475,8nbp2u
476,8nc5lt
477,8n8y8v
478,8n9ah5
479,8nbtx6
480,8n8osk
481,8n9rzj
482,8ncrfp
483,8n9toh
484,8n8dzj
485,8ndiib
486,8n8a8w
487,8nbs3d
488,8na0lu
489,8n8x5m
490,8n87u5
491,8n94sw
492,8n7oab
493,8na4e6
494,8nd337
495,8naa9h
496,8n97da
497,8nafyw
498,8n9l7a
499,8n9qiy
500,8nbqri
501,8n9kuf
502,8n7mcl
503,8nbk4k
504,8n9y11
505,8n6vyx
506,8n7umt
507,8n9k3j
508,8nbaq3
509,8n9vvu
510,8nbcln
511,8n7vpt
512,8n7vf4
513,8ncetz
514,8nc0md
515,8n8vt9
516,8n7qz8
517,8nbffu
518,8n9uuz
519,8n8sd0
520,8n8dd3
521,8nc0q1
522,8navu0
523,8nbe32
524,8ncsn2
525,8nbv4o
526,8na1pa
527,8n83qq
528,8n86lu
529,8nczor
530,8na9o7
531,8n9xwi
532,8n9v2c
533,8n8tns
534,8na76w
535,8nctr1
536,8natt9
537,8n7uxx
538,8ndcty
539,8n7rre
540,8n89rx
541,8nbb8k
542,8n7qp6
543,8n7rr2
544,8nbzwg
545,8ncdi5
546,8n9hqm
547,8n8to7
548,8nd2qh
549,8nagqw
550,8ndccc
551,8nbv0p
552,8n7mjp
553,8n7wp3
554,8nb5u8
555,8n9635
556,8na7y1
557,8n7jsw
558,8n8khg
559,8nbkn7
560,8nd5bb
561,8n9gov
562,8ncm8m
563,8nb4lk
564,8n9nt1
565,8ncd12
566,8nb363
567,8n78d0
568,8n9ifw
569,8naphn
570,8napy5
571,8n7xfk
572,8n7o34
573,8n8p6c
574,8nb3as
575,8n7o42
576,8n70i0
577,8nak83
578,8n9ntp
579,8n7ovi
580,8nb3nq
581,8n9djk
582,8n913l
583,8ndmvq
584,8nd4be
585,8naqx4
586,8n7q1d
587,8n8hda
588,8n9vls
589,8n8isp
590,8n7tbz
591,8nctl3
592,8n8zko
593,8n9p9m
594,8n9ps1
595,8nc3ta
596,8n833q
597,8napon
598,8n9de5
599,8n9tm2
600,8nb3uz
601,8nboo3
602,8nbxuc
603,8n7l9w
604,8n6y65
605,8nbue3
606,8ncu70
607,8nb8o7
608,8nc7zm
609,8n7nyb
610,8ncm3o
611,8nazzu
612,8nchgp
613,8ncwxh
614,8nc5bg
615,8ncvlm
616,8nc022
617,8naeop
618,8n88b7
619,8ncl65
620,8n8822
621,8n8cx2
622,8n9bwb
623,8nafzy
624,8ncbbd
625,8n80zj
626,8nc9zl
627,8nb3a3
628,8nb9di
629,8nc58x
630,8n822u
631,8n6df2
632,8ncetn
633,8nb9t8
634,8n68ep
635,8n8pho
636,8naib4
637,8n7dxl
638,8n89xx
639,8n9wj4
640,8n8fdf
641,8nb41t
642,8nbxj7
643,8na23k
644,8ndflb
645,8n8inw
646,8ncdmd
647,8n8dqm
648,8nccyx
649,8nbne7
650,8n8idu
651,8n9l1w
652,8nacy6
653,8na8l3
654,8ncbb2
655,8n8ndy
656,8nate3
657,8ncawr
658,8n9vcj
659,8n7zvv
660,8na9ow
661,8ncb6g
662,8n74zm
663,8n9w9h
664,8nacoz
665,8ncjx8
666,8n84ud
667,8n7fqj
668,8n9rgp
669,8ncltw
670,8n944j
671,8n9not
672,8n7typ
673,8naigx
674,8nbreq
675,8nbbbu
676,8nb15v
677,8nan3q
678,8nbeio
679,8n9pgd
680,8n7x44
681,8n7sye
682,8ncbx2
683,8nb7zw
684,8naqcx
685,8n9dgv
686,8n9ql4
687,8nc4vr
688,8n7mnt
689,8ndald
690,8ncgv0
691,8n9mvv
692,8nbih2
693,8ncoqe
694,8na3lv
695,8n9702
696,8n9p0z
697,8nam80
698,8n98ty
699,8n7wv7
700,8n7pab
701,8nckcb
702,8nc5fc
703,8nc9w0
704,8nb2sw
705,8n7wsw
706,8nbio0
707,8n7wpt
708,8n9zr7
709,8nbxik
710,8nbozx
711,8n82cj
712,8nav09
713,8n7el9
714,8n7dw9
715,8n8rqq
716,8n9yyp
717,8naw0u
718,8namso
719,8n919b
720,8nb93w
721,8n8t3v
722,8n8lfl
723,8n7md2
724,8nbcup
725,8n93cm
726,8naook
727,8nbpyt
728,8n7vn5
729,8nd7ss
730,8n78dt
731,8n88z1
732,8n6c1m
733,8nb1t8
734,8nbsl2
735,8n7ld8
736,8ncod5
737,8nbgus
738,8n8wup
739,8nalyc
740,8nber8
741,8nccjh
742,8n9g7q
743,8nbo17
744,8n90ag
745,8n8365
746,8nam47
747,8n9qiu
748,8nd66o
749,8n733x
750,8n86e1
751,8nc00m
752,8najtz
753,8n7i12
754,8nb56f
755,8naibl
756,8n6dsa
757,8n93gf
758,8nbnqc
759,8n994e
760,8n865g
761,8n5p6n
762,8nbpj7
763,8na1f2
764,8nbzcf
765,8n8r1o
766,8ncctl
767,8nbon4
768,8nd06b
769,8nbi7u
770,8nddqt
771,8n709y
772,8n9eaa
773,8n9lbg
774,8n9xzb
775,8n6tn5
776,8n911o
777,8n90h0
778,8n8qet
779,8n9mfm
780,8n7j1p
781,8narjm
782,8nbps8
783,8n74pl
784,8navhv
785,8n8sk2
786,8n9lxn
787,8n7su8
788,8nabzx
789,8n6zjl
790,8n6lt5
791,8ncfdp
792,8n8w7e
793,8n80tx
794,8na3fv
795,8n9ej8
796,8n7xtl
797,8n7ud2
798,8nd36n
799,8nb3vo
800,8nd36n
801,8naziw
802,8nd6vq
803,8n9c1x
804,8n9lam
805,8n7xtl
806,8n7ud2
807,8n9k4c
808,8n9xpp
809,8nb32w
810,8n9dl6
811,8nbqa8
812,8nc5og
813,8nbn32
814,8n7ke4
815,8nb0s8
816,8ndp5w
817,8nbiaj
818,8ncpod
819,8n9cnl
820,8n7l7q
821,8nbxgu
822,8nap78
823,8nacv3
824,8narm5
825,8n6rde
826,8nas8e
827,8n880v
828,8nbjhq
829,8n7jll
830,8ncl2n
831,8n9udd
832,8nco6c
833,8n8bzn
834,8n9qxz
835,8n8qap
836,8nbc9z
837,8n7pj6
838,8nbipl
839,8nb2eb
840,8nbzmv
841,8ncwng
842,8n96pi
843,8nb7bf
844,8ndc5c
845,8nc1hy
846,8nc36r
847,8n738q
848,8naes4
849,8n8fnl
850,8nbv1i
851,8naaol
852,8nal96
853,8n8246
854,8na0v2
855,8nah6n
856,8n9blo
857,8nazlb
858,8naoxe
859,8n8smf
860,8nd1xu
861,8nb6fm
862,8nbc72
863,8nb93k
864,8nakvy
865,8nb77f
866,8n8o93
867,8nbglo
868,8nby66
869,8n77v9
870,8n926q
871,8n804c
872,8ncu9c
873,8na86n
874,8ndiuv
875,8n6iw3
876,8ndliy
877,8na8sk
878,8nagke
879,8nb9i2
880,8na0t6
881,8nbtks
882,8n9qud
883,8nahxn
884,8ncezs
885,8nbawy
886,8naiab
887,8nbub4
888,8na7ed
889,8n8r7k
890,8naqwg
891,8ncvdp
892,8n9o9q
893,8nam7v
894,8na3z2
895,8ncblr
896,8ndaov
897,8nb2lz
898,8n79s6
899,8n6cke
900,8n79s6
901,8n8pk5
902,8n886f
903,8nadeg
904,8nci08
905,8n902c
906,8ncgfe
907,8nbvx1
908,8nbkz4
909,8nas47
910,8najfq
911,8naizj
912,8na6kz
913,8n7ffi
914,8n8q5w
915,8n896t
916,8nc5nt
917,8na2kz
918,8nb0ts
919,8n9yrq
920,8nahn2
921,8n7luj
922,8nayfv
923,8n8qce
924,8nb252
925,8n8xnu
926,8nb8cq
927,8n9cu3
928,8nc9bx
929,8n8747
930,8nbpj6
931,8najlv
932,8nc03v
933,8n6xpk
934,8nbfan
935,8ncxc8
936,8na11i
937,8nc7m0
938,8n9usr
939,8n5vws
940,8n7o9r
941,8nbvw6
942,8ncn9d
943,8nb224
944,8na940
945,8nc1vx
946,8nb7ng
947,8nbgnj
948,8na9bq
949,8na448
950,8nbas6
951,8n7i55
952,8nbd1n
953,8ncmkx
954,8n8ayv
955,8nbhvp
956,8n6508
957,8n7iwp
958,8nczku
959,8n8bn4
960,8nakte
961,8nc7dw
962,8na86x
963,8ndib4
964,8nb81h
965,8nd9df
966,8n99cq
967,8nar3y
968,8nb055
969,8na87e
970,8n7uly
971,8n6cth
972,8n7jo7
973,8nd0bq
974,8na285
975,8nc18t
976,8n90dt
977,8nb72l
978,8n87d8
979,8ncxns
980,8ncvk3
981,8n9bdo
982,8nca61
983,8n6oyr
984,8n8saf
985,8n90fz
986,8nd1aj
987,8na85t
988,8na0ah
989,8ncktg
990,8n70kb
991,8nbx1e
992,8nb4ia
993,8n9qm1
994,8nbxh3
995,8nc1ci
996,8n8nwu
997,8n79dz
998,8ncoji
999,8na8xb
1000,8nawyz
1001,8nast9
1002,8nax5z
1003,8n70fg
1004,8n9qk3
1005,8n8syg
1006,8n9swh
1007,8n7vnj
1008,8ncadu
1009,8nc6jq
1010,8n85n5
1011,8n9x04
1012,8ncltc
1013,8nayqi
1014,8n7tyy
1015,8n8f9p
1016,8nbem8
1017,8nb50d
1018,8nc88x
1019,8naq4f
1020,8ncj87
1021,8n9jyt
1022,8n85pm
1023,8nb8ac
1024,8nafll
1025,8n9rfw
1026,8n6nfr
1027,8n94tw
1028,8n8229
1029,8n82e5
1030,8n8z25
1031,8n8qho
1032,8nbxbn
1033,8n845w
1034,8ncx3j
1035,8nbohz
1036,8n9cjg
1037,8navas
1038,8nbtk9
1039,8ncukg
1040,8nawsp
1041,8nar1l
1042,8nbiwx
1043,8nbirb
1044,8n76fy
1045,8n5wi5
1046,8nbbnt
1047,8nb77x
1048,8n8ula
1049,8nakgw
1050,8n5wfi
1051,8nbmco
1052,8nafa2
1053,8nd7cs
1054,8n9a2h
1055,8n9wqo
1056,8nbpuo
1057,8n9pcr
1058,8n9xjx
1059,8nbiyf
1060,8n7wwj
1061,8n88wz
1062,8nc4dd
1063,8n8l4s
1064,8n9na1
1065,8n7im8
1066,8nbick
1067,8nb97o
1068,8nb43r
1069,8nbftc
1070,8n8q2q
1071,8nayfi
1072,8n8ywg
1073,8namti
1074,8n7oqw
1075,8n9ffg
1076,8ne0yo
1077,8ndvtk
1078,8na6ej
1079,8natsh
1080,8n6q7e
1081,8n82vj
1082,8n8o94
1083,8nchmc
1084,8n950t
1085,8nce64
1086,8nbdgp
1087,8ncorz
1088,8n9mqp
1089,8n8bp8
1090,8nadkb
1091,8nb79r
1092,8nadje
1093,8n9zes
1094,8na26v
1095,8nblbv
1096,8nc81t
1097,8nbth9
1098,8n9ds8
1099,8n7h9u
1100,8ncb2i
1101,8na26v
1102,8n9a3u
1103,8n733q
1104,8n95uc
1105,8nazcr
1106,8nc57v
1107,8ncert
1108,8nbc3v
1109,8nb686
1110,8nd859
1111,8nb44e
1112,8n95z1
1113,8nazs5
1114,8n62r8
1115,8nbybv
1116,8n9fsu
1117,8n9htz
1118,8n6do9
1119,8naywc
1120,8nbotf
1121,8nd4nj
1122,8nc6eg
1123,8nc4v0
1124,8n8wbc
1125,8nbse5
1126,8nb2ys
1127,8n78ac
1128,8nbkdi
1129,8n74ie
1130,8nb0op
1131,8nazb1
1132,8n8qqi
1133,8nchd9
1134,8nbj55
1135,8n82nj
1136,8n96rk
1137,8nafvz
1138,8n8e45
1139,8n95jp
1140,8nbetp
1141,8ncojx
1142,8n7w4f
1143,8n9cc4
1144,8ndfe6
1145,8n9tp6
1146,8ncd8w
1147,8ncbw6
1148,8n7qel
1149,8namod
1150,8ndm12
1151,8ncpw7
1152,8nahsa
1153,8nd63p
1154,8n93bs
1155,8n7mxg
1156,8n9iim
1157,8na641
1158,8n77oj
1159,8n8ccd
1160,8n9rg8
1161,8nb1pb
1162,8n851u
1163,8nbaob
1164,8ncc0r
1165,8nbmdx
1166,8n7jdc
1167,8n859w
1168,8nbyg8
1169,8n9gay
1170,8n8fp7
1171,8n7f1o
1172,8n9zmx
1173,8n97iz
1174,8n8fvd
1175,8n5vzb
1176,8ncfb0
1177,8nbj6j
1178,8n9vp7
1179,8n7ycw
1180,8n8j5r
1181,8n9n5t
1182,8nak9g
1183,8n8kmb
1184,8ncsk7
1185,8n8lkk
1186,8nce1c
1187,8nbtjj
1188,8nbnvk
1189,8narl9
1190,8n8tv9
1191,8nbru8
1192,8nadad
1193,8na5rt
1194,8ncoku
1195,8navv1
1196,8n75xg
1197,8n80yy
1198,8ndfw9
1199,8naz6e
1200,8nbhzr
1201,8n87fw
1202,8ncg32
1203,8naies
1204,8n7ub0
1205,8na6bo
1206,8nap14
1207,8nd3hf
1208,8nb8ym
1209,8nbrvs
1210,8nc8l2
1211,8nbm8w
1212,8nbvsn
1213,8ndqw1
1214,8n7v2t
1215,8nbok9
1216,8nc4lz
1217,8n73t9
1218,8n9arn
1219,8n9iki
1220,8naj41
1221,8nbrkp
1222,8nciv6
1223,8na2vm
1224,8najk5
1225,8n83v0
1226,8n9zs4
1227,8nak14
1228,8nd3ar
1229,8n9jwc
1230,8n5rd7
1231,8nbd4h
1232,8n9ghk
1233,8n6il9
1234,8ndh1y
1235,8n7qs1
1236,8na1n1
1237,8na0z1
1238,8n8hiq
1239,8n7y5e
1240,8nc4ip
1241,8nb4li
1242,8n94w2
1243,8nch2j
1244,8na6es
1245,8n8ukl
1246,8n980t
1247,8ndtoi
1248,8n81io
1249,8ncdpr
1250,8nalbb
1251,8n9cqr
1252,8nagp6
1253,8na62j
1254,8n7yl0
1255,8ncdjl
1256,8na570
1257,8n8mom
1258,8nc18k
1259,8na4ok
1260,8n6jxk
1261,8nbg1x
1262,8n7jwl
1263,8nbkv2
1264,8nd2b0
1265,8na5wi
1266,8n94u4
1267,8ndgir
1268,8n5rvy
1269,8n7kaf
1270,8nb8hp
1271,8ncjyc
1272,8nbabu
1273,8nd3j5
1274,8n76b3
1275,8n8j9m
1276,8ncr4u
1277,8n7hc8
1278,8n5y0z
1279,8n9ee3
1280,8na6b7
1281,8ncj2r
1282,8ncem5
1283,8ncb7q
1284,8n7jln
1285,8nafbp
1286,8n7of1
1287,8na9ll
1288,8najkp
1289,8ndixo
1290,8n9djl
1291,8nd79j
1292,8naj5q
1293,8nbe2j
1294,8n9cn2
1295,8n9cvl
1296,8n86vh
1297,8ncwzt
1298,8n93re
1299,8nd8qv
1300,8ncjyc
1301,8na4ok
1302,8nbg1x
1303,8nd79j
1304,8n7jwl
1305,8n6jxk
1306,8nc18k
1307,8n7yl0
1308,8n9cvl
1309,8n8mom
1310,8nd4ih
1311,8na5wi
1312,8n94u4
1313,8nb8hp
1314,8nbabu
1315,8n9cn2
1316,8ncj2r
1317,8n5rvy
1318,8ncb7q
1319,8na6b7
1320,8nafbp
1321,8n8j9m
1322,8n76b3
1323,8ndixz
1324,8n7hc8
1325,8n7kaf
1326,8ncssc
1327,8n7jln
1328,8ndrhs
1329,8najkp
1330,8n9ee3
1331,8naj5q
1332,8ndkpr
1333,8n5y0z
1334,8na0gh
1335,8na9ll
1336,8n86vh
1337,8nb5vn
1338,8n7of1
1339,8n9djl
1340,8nc97b
1341,8n9j1x
1342,8nbe2j
1343,8n6tcy
1344,8n93re
1345,8n9sky
1346,8n9qxu
1347,8n8k8k
1348,8n98a4
1349,8nagvg
1350,8naol3
1351,8n7we2
1352,8nd8qm
1353,8n84sr
1354,8n612p
1355,8nbtdd
1356,8ncaad
1357,8na4nq
1358,8nca2h
1359,8n9js7
1360,8n84ov
1361,8ndplv
1362,8nb0ut
1363,8nbxz4
1364,8n8t7l
1365,8nb1q7
1366,8ncx1l
1367,8n95n8
1368,8nadfu
1369,8nax99
1370,8nd6dc
1371,8n6czi
1372,8nazw7
1373,8n7qw0
1374,8n8g3v
1375,8ncrq7
1376,8nchwq
1377,8n9vmj
1378,8n9h2x
1379,8ncjrp
1380,8nao9x
1381,8na0w9
1382,8na940
1383,8n8ik0
1384,8ncc0b
1385,8nb6bn
1386,8n8rm6
1387,8nbb0m
1388,8n7vb7
1389,8nbguq
1390,8nd13x
1391,8ncqsr
1392,8nbjnf
1393,8n9113
1394,8nbuei
1395,8nbmca
1396,8na88k
1397,8nc2c8
1398,8nan3e
1399,8n7rqu
1400,8n9gr3
1401,8nc24g
1402,8nckqn
1403,8ncr31
1404,8n9fe9
1405,8nbe5s
1406,8n7aw2
1407,8nbi3f
1408,8nayhd
1409,8ndmss
1410,8nccs2
1411,8nafaq
1412,8n7riw
1413,8nbfei
1414,8naqr4
1415,8nas1d
1416,8n9jau
1417,8nd0oi
1418,8naq6d
1419,8nav4e
1420,8n9q7f
1421,8nd3ie
1422,8nbnax
1423,8ne1ev
1424,8n828d
1425,8n9m04
1426,8n7q8n
1427,8n5nkx
1428,8nb7xd
1429,8n8nw5
1430,8ncik7
1431,8naju7
1432,8n8g11
1433,8nbk8h
1434,8nbtoy
1435,8ncyue
1436,8nc607
1437,8nac1i
1438,8n5kms
1439,8na2gd
1440,8na5vx
1441,8nbwx5
1442,8ncqyn
1443,8n8zo7
1444,8n8s33
1445,8n9wue
1446,8nc9n0
1447,8nbyxs
1448,8ncaq3
1449,8ncgry
1450,8nalvh
1451,8nbjm9
1452,8ndriz
1453,8n9p9o
1454,8n6508
1455,8n5c13
1456,8nbdyv
1457,8ncnj6
1458,8n9vrg
1459,8nb18r
1460,8ndh86
1461,8nbpdo
1462,8nd2q9
1463,8n8qn3
1464,8nan3g
1465,8nd2nq
1466,8nch1g
1467,8nblhm
1468,8na1v9
1469,8narv3
1470,8nbb4i
1471,8nd6ka
1472,8nawm2
1473,8ndmmk
1474,8n9zfx
1475,8na2uu
1476,8ncc58
1477,8n89xk
1478,8nd9si
1479,8nd5if
1480,8nbv7a
1481,8nb2jq
1482,8n9y58
1483,8navf7
1484,8nbefb
1485,8narld
1486,8nbxlp
1487,8n8t2k
1488,8n9rb6
1489,8n9y91
1490,8n5bby
1491,8ndsgo
1492,8na873
1493,8nd408
1494,8nazts
1495,8n6vld
1496,8nc0aq
1497,8n8uru
1498,8nao94
1499,8n5zrp
1500,8n9puc
1501,8n8uru
1502,8ndrd6
1503,8na0zt
1504,8nbwug
1505,8nb3ud
1506,8nc0im
1507,8na46s
1508,8naqxm
1509,8nco3o
1510,8ncjnz
1511,8nbflo
1512,8n9v7e
1513,8nc3cb
1514,8nc37q
1515,8nbtrg
1516,8n9ubx
1517,8n8etu
1518,8ncjaj
1519,8n7yer
1520,8n7u0a
1521,8nbjl4
1522,8n9sh6
1523,8naqqq
1524,8nbnny
1525,8n8bny
1526,8n7zaz
1527,8n936b
1528,8n9lj2
1529,8nbx9d
1530,8nb3xi
1531,8ndg0z
1532,8nciue
1533,8nam1u
1534,8nblxr
1535,8n9ebg
1536,8n8wu2
1537,8n9w0x
1538,8nb3nb
1539,8ncfpk
1540,8n9win
1541,8n9ayj
1542,8n7mjt
1543,8n99vp
1544,8nahq2
1545,8nb1ig
1546,8nb9hr
1547,8n8kbx
1548,8n8ia9
1549,8n8cuf
1550,8nbt57
1551,8n8y54
1552,8n7lwb
1553,8ncfda
1554,8n8pue
1555,8n8jyn
1556,8nbk1t
1557,8nbemj
1558,8nast9
1559,8nc3k4
1560,8n8cr5
1561,8na47q
1562,8n7tgo
1563,8ncg3l
1564,8nakyp
1565,8n9h1t
1566,8n891i
1567,8nb0l8
1568,8nbs6l
1569,8n9htf
1570,8n95rl
1571,8n6fp7
1572,8nbgui
1573,8ncyz7
1574,8nabya
1575,8nb8hw
1576,8nbatz
1577,8nd81n
1578,8n96ht
1579,8n7ohu
1580,8n7u1d
1581,8napet
1582,8nb2ou
1583,8nc98c
1584,8n93os
1585,8n5aej
1586,8n9vse
1587,8n9sii
1588,8nafsh
1589,8na5es
1590,8nbhd4
1591,8n6t6k
1592,8n8gxy
1593,8na85t
1594,8n9gcv
1595,8ncs6v
1596,8ncxtc
1597,8nbhrz
1598,8nd9uc
1599,8n6dtw
1600,8nbpcd
1601,8n9oed
1602,8nbv2n
1603,8nbpn6
1604,8nbn6d
1605,8na4kk
1606,8n4xpv
1607,8n9lfp
1608,8ncff1
1609,8nco4f
1610,8nb202
1611,8n8wrs
1612,8nc28s
1613,8nbeu2
1614,8nalvr
1615,8n7n4o
1616,8ndx3c
1617,8nawui
1618,8nbw4u
1619,8nbler
1620,8nc2tx
1621,8n7w8d
1622,8n9yad
1623,8n9qhu
1624,8n7wm6
1625,8nd7u3
1626,8naeir
1627,8nc4tn
1628,8nbjvp
1629,8napqp
1630,8nbla4
1631,8ncyt6
1632,8nb5od
1633,8nbkh4
1634,8ndr3j
1635,8n84bx
1636,8na9zt
1637,8nbuur
1638,8n8s6j
1639,8n8sh8
1640,8n9a1e
1641,8nckrl
1642,8n7j45
1643,8navd6
1644,8n9e70
1645,8na2ng
1646,8n62hd
1647,8nadqz
1648,8ndira
1649,8nbylp
1650,8n98mc
1651,8n99xy
1652,8nckif
1653,8ncqcp
1654,8nbisz
1655,8nahlu
1656,8naq0p
1657,8n8z98
1658,8n8qtt
1659,8nci57
1660,8najlw
1661,8namti
1662,8nb0qg
1663,8n5cp6
1664,8ncwzj
1665,8n852c
1666,8nbxja
1667,8ncoq0
1668,8n8jj9
1669,8nd088
1670,8n9tfg
1671,8nd5z3
1672,8n88y9
1673,8ncbwd
1674,8nce7z
1675,8n9dki
1676,8n8pld
1677,8n7s9o
1678,8nbgjw
1679,8n9t3r
1680,8nd88u
1681,8n85h3
1682,8naiw1
1683,8ncvuf
1684,8nayg3
1685,8nb2x8
1686,8nd59g
1687,8nd13t
1688,8nbeb2
1689,8nctje
1690,8nbe1t
1691,8nbgya
1692,8n93ep
1693,8n8yj8
1694,8nd1o9
1695,8n8ghg
1696,8nadj2
1697,8n8kia
1698,8nasao
1699,8n8jzn
1700,8ndvkd
1701,8nbjzr
1702,8ncuiw
1703,8n8c9f
1704,8n93u5
1705,8nc8id
1706,8na9id
1707,8na3xt
1708,8ncu2m
1709,8n9am6
1710,8n8qaz
1711,8na4mm
1712,8nbccf
1713,8n85hv
1714,8n95uc
1715,8nci4p
1716,8nbj8u
1717,8nadw8
1718,8napph
1719,8nbxvr
1720,8n7v5t
1721,8nd3oh
1722,8n92fg
1723,8nd2gn
1724,8n99xs
1725,8nc9n2
1726,8nc9kf
1727,8n80h0
1728,8nab3s
1729,8n8fh2
1730,8n9joi
1731,8nbj05
1732,8ndefr
1733,8n8vz9
1734,8nah2w
1735,8nadpt
1736,8ncubr
1737,8nbks5
1738,8n7f5x
1739,8nbv8h
1740,8ncjzp
1741,8na1kb
1742,8nb9tf
1743,8n9xb4
1744,8n8mdh
1745,8n7tof
1746,8n8vgo
1747,8nb7h0
1748,8nddrk
1749,8n7j10
1750,8n6fac
1751,8n8nw4
1752,8nc71a
1753,8naoel
1754,8najta
1755,8nci5o
1756,8ndm0x
1757,8n9tts
1758,8n8rbg
1759,8nbu09
1760,8ncskm
1761,8ncfkt
1762,8n9w3m
1763,8n92hs
1764,8nbykp
1765,8ndtg1
1766,8nck11
1767,8n7r97
1768,8ndc4r
1769,8nbecv
1770,8n9gqh
1771,8n99xh
1772,8n4zmv
1773,8nd6o1
1774,8nc99y
1775,8nanl2
1776,8ncam7
1777,8nbik0
1778,8n6wa5
1779,8ncgt7
1780,8ndfm2
1781,8n9rgm
1782,8nb3b8
1783,8nc2xg
1784,8nau41
1785,8nbw7c
1786,8n9t9q
1787,8n6fiz
1788,8n8m1l
1789,8ncabg
1790,8n6o8l
1791,8nc1ae
1792,8nci6h
1793,8n9vqe
1794,8nc1xh
1795,8n9o85
1796,8nb70s
1797,8n8417
1798,8nctcg
1799,8nb4u0
1800,8n9lde
1801,8n6fiz
1802,8nd6kq
1803,8nbagc
1804,8nb0o9
1805,8ndbzs
1806,8n8xx0
1807,8n7iu0
1808,8nd2pa
1809,8nd9mm
1810,8nbevm
1811,8ncawd
1812,8n75kk
1813,8ncwgj
1814,8n9c26
1815,8n91s4
1816,8n6vi9
1817,8ncyod
1818,8ncllv
1819,8nc0df
1820,8nb69w
1821,8nbzig
1822,8naag5
1823,8n8n38
1824,8n9c64
1825,8nbfsv
1826,8nb6rv
1827,8nbraq
1828,8n9fie
1829,8n9cjk
1830,8nazea
1831,8ncx4f
1832,8n8ybe
1833,8na03p
1834,8nam79
1835,8n81h9
1836,8naa51
1837,8n8qee
1838,8na7bn
1839,8ndujb
1840,8nbxvi
1841,8ndvl9
1842,8naqff
1843,8n7zv3
1844,8n8boz
1845,8n8d9y
1846,8n92s3
1847,8nd7de
1848,8na14c
1849,8n8cth
1850,8nba47
1851,8nbe9c
1852,8nby5n
1853,8ncfcf
1854,8n6avk
1855,8nd4e3
1856,8na9u2
1857,8n8y2w
1858,8nam5o
1859,8ndj7j
1860,8n7nb8
1861,8na2pg
1862,8ncl3f
1863,8nbnbl
1864,8nbdqm
1865,8nbnt8
1866,8n6rvn
1867,8nasbu
1868,8nc6xo
1869,8n7pd6
1870,8n9ujf
1871,8ncy28
1872,8nb4ns
1873,8nabn4
1874,8nbft0
1875,8nde9j
1876,8na3ax
1877,8n7i6b
1878,8ncoc0
1879,8na7lc
1880,8n96hc
1881,8n84mt
1882,8na939
1883,8ncxp6
1884,8nabx5
1885,8nc8k2
1886,8nbz5b
1887,8n7ub0
1888,8naujl
1889,8ndl74
1890,8ncqgo
1891,8nd9es
1892,8nbq6z
1893,8naleb
1894,8n7sir
1895,8na8d9
1896,8navv1
1897,8nce4d
1898,8nc8e6
1899,8n8ccd
1900,8ncngb
1901,8na57q
1902,8n7njx
1903,8n9rqi
1904,8n79b1
1905,8n9ls0
1906,8n9d4l
1907,8nbvvr
1908,8ncyd5
1909,8n95n2
1910,8n84u9
1911,8n9ala
1912,8n8xw2
1913,8naff6
1914,8nb03b
1915,8nbf3u
1916,8n9eid
1917,8n8dog
1918,8nb4fn
1919,8nb599
1920,8nc0l7
1921,8ndgfd
1922,8n8e0l
1923,8nd9g1
1924,8n9xva
1925,8nbewu
1926,8n83sg
1927,8nc43c
1928,8nbcfd
1929,8n8wnn
1930,8ndg89
1931,8nctj2
1932,8nddlc
1933,8n7hj6
1934,8ncqiy
1935,8n7ic0
1936,8n8v60
1937,8nccxr
1938,8n9axu
1939,8n9bqo
1940,8nc7k5
1941,8n7bq1
1942,8n91ab
1943,8nbivy
1944,8nbgpi
1945,8n7slc
1946,8na5ur
1947,8n8bro
1948,8n9r4r
1949,8nc1n3
1950,8ndfiq
1951,8nduwn
1952,8ncb3q
1953,8ncydc
1954,8nba8j
1955,8nd9pn
1956,8n9z0c
1957,8nblla
1958,8n9il1
1959,8nc6e3
1960,8n6zbs
1961,8n6vye
1962,8nbbtr
1963,8na1fx
1964,8nbr3g
1965,8nbk5j
1966,8ncvpy
1967,8nagjl
1968,8n9jt6
1969,8ndcvi
1970,8ncyuj
1971,8nbqvu
1972,8n8pnf
1973,8n72rw
1974,8ncnke
1975,8nc3er
1976,8n82ek
1977,8nd0e3
1978,8n7zlp
1979,8nc7c9
1980,8ncd04
1981,8nbgfd
1982,8ndbds
1983,8n8rbj
1984,8n6n7k
1985,8n973r
1986,8nbjmq
1987,8ncfbo
1988,8nb22b
1989,8ncq0k
1990,8nding
1991,8n9grv
1992,8n839r
1993,8n7y5r
1994,8nb3lq
1995,8n9xuu
1996,8nd489
1997,8ncfin
1998,8nbcdg
1999,8n7n34
2000,8n9grv
2001,8nb3lq
2002,8n9xuu
2003,8n806g
2004,8n83sg
2005,8nbqvu
2006,8ncszl
2007,8ncik5
2008,8nbcdg
2009,8nc43c
2010,8nbyak
2011,8ncydc
2012,8n9sxz
2013,8nctj2
2014,8nc92n
2015,8naqw6
2016,8nc4qo
2017,8ncw71
2018,8n7ic0
2019,8narno
2020,8nbey1
2021,8n9rk8
2022,8nccxr
2023,8n9axu
2024,8n8q72
2025,8nd489
2026,8nbc5n
2027,8nbp7e
2028,8nb7ws
2029,8namco
2030,8ncnfl
2031,8nc7k5
2032,8ndkuo
2033,8ncyuj
2034,8n8w0t
2035,8ncnc8
2036,8n7bq1
2037,8nai8q
2038,8nch3p
2039,8na5ur
2040,8nc5fm
2041,8nc89k
2042,8n7x7v
2043,8nc5xm
2044,8nbaav
2045,8na1fx
2046,8nbpka
2047,8nc2cf
2048,8nb80n
2049,8ncfbo
2050,8n9527
2051,8ndg89
2052,8nbewu
2053,8ncjl2
2054,8nbbtr
2055,8ncbzt
2056,8n8rr7
2057,8na9rs
2058,8nal48
2059,8nae03
2060,8n9xva
2061,8ndyp5
2062,8n9eid
2063,8ncu9o
2064,8ndbds
2065,8ncyji
2066,8nccvo
2067,8nb435
2068,8n9mqr
2069,8nc6uv
2070,8nbs2j
2071,8nb22b
2072,8n9pvj
2073,8na0ry
2074,8ncs7z
2075,8ncfds
2076,8ncxc5
2077,8nbjib
2078,8nding
2079,8n9etq
2080,8ncjib
2081,8n9nts
2082,8n9g7j
2083,8nbolc
2084,8nc679
2085,8nbj2e
2086,8ncfin
2087,8n7uzt
2088,8ncyeg
2089,8n7vxi
2090,8na1aq
2091,8ndcvi
2092,8ncqiy
2093,8n9bqo
2094,8nc2zb
2095,8nc6e3
2096,8ncrak
2097,8n7x85
2098,8nbatu
2099,8naihz
2100,8n8nxo
2101,8ncqzl
2102,8naigg
2103,8n8e5t
2104,8nbwwk
2105,8n73cv
2106,8ncxk3
2107,8n7szw
2108,8n8rg0
2109,8ndjxz
2110,8ncdut
2111,8n82wh
2112,8n8pix
2113,8nbvtc
2114,8ncigv
2115,8n7pg9
2116,8nabjx
2117,8nd9g1
2118,8naslw
2119,8nbghy
2120,8nao4g
2121,8n8vin
2122,8n9dpr
2123,8n9jt6
2124,8n9dzg
2125,8ndq2k
2126,8n89iu
2127,8ncgco
2128,8n7ur2
2129,8nbezu
2130,8ncl7b
2131,8nbexq
2132,8n72rw
2133,8naolu
2134,8ndnry
2135,8nardk
2136,8n9p3z
2137,8nazip
2138,8nc6ki
2139,8ndr11
2140,8nckyk
2141,8n9vpp
2142,8nbny0
2143,8nbnx2
2144,8n6zmy
2145,8nandy
2146,8nc8yw
2147,8nbca4
2148,8n8g6w
2149,8n9fq0
2150,8nadfq
2151,8najqw
2152,8nbhof
2153,8naosh
2154,8ncsv5
2155,8n7j2p
2156,8nc0pw
2157,8nbl5i
2158,8nae0g
2159,8n9od7
2160,8ndiq6
2161,8nc3gx
2162,8ncufh
2163,8n6aql
2164,8ncqwl
2165,8nd3sx
2166,8nd72f
2167,8n8khb
2168,8nc4ov
2169,8ndeov
2170,8n7y5r
2171,8n8y98
2172,8n9zdt
2173,8ne2zr
2174,8n8ect
2175,8n7pmo
2176,8n9p16
2177,8ndg8h
2178,8naoyc
2179,8n7hj6
2180,8n9zpv
2181,8nd8mu
2182,8nawxh
2183,8n8who
2184,8nakbs
2185,8n78as
2186,8nb2k6
2187,8nb5jo
2188,8n7slc
2189,8nbo38
2190,8ncq0v
2191,8n8sm6
2192,8ncv86
2193,8ndhvu
2194,8nbvap
2195,8n9pi4
2196,8nbfbc
2197,8n96pe
2198,8ncreo
2199,8ncize
2200,8nadfq
2201,8najqw
2202,8nbhof
2203,8nbvap
2204,8naosh
2205,8na1aq
2206,8ncsv5
2207,8n7j2p
2208,8nbl5i
2209,8ndkwx
2210,8n9od7
2211,8n6aql
2212,8nc3gx
2213,8na9a0
2214,8n8wz3
2215,8naigg
2216,8ncqwl
2217,8nd72f
2218,8nabjx
2219,8n8khb
2220,8nc4ov
2221,8ndeov
2222,8n9zdt
2223,8n8who
2224,8nbghy
2225,8n9p16
2226,8nbewu
2227,8n73cv
2228,8nc4uj
2229,8n8e5t
2230,8n9zpv
2231,8ndcvi
2232,8nc75g
2233,8namzu
2234,8n8ect
2235,8nawxh
2236,8nc6ki
2237,8n8rg0
2238,8ndiq6
2239,8nakbs
2240,8n9xva
2241,8n78as
2242,8nb2k6
2243,8n9dpr
2244,8nbvtc
2245,8n9eid
2246,8nb5jo
2247,8n7pg9
2248,8nazip
2249,8ncq0v
2250,8ncv86
2251,8naw5n
2252,8nalni
2253,8n9pi4
2254,8nbg6m
2255,8ndcqg
2256,8n9bqo
2257,8n96pe
2258,8n7ur2
2259,8ncreo
2260,8nb52q
2261,8nciy5
2262,8nc7x1
2263,8nbet1
2264,8nc6e3
2265,8n9rpe
2266,8ncw71
2267,8nardk
2268,8n7gg0
2269,8ncqiy
2270,8n8g6w
2271,8nb2qd
2272,8nagtz
2273,8ncdsh
2274,8n6zmy
2275,8n9v5g
2276,8nd7g6
2277,8nc8yw
2278,8n8qcu
2279,8ncxc5
2280,8nc1eb
2281,8nd5wx
2282,8nc79l
2283,8nc0ej
2284,8n9nu6
2285,8nafk5
2286,8ncqn8
2287,8nczfu
2288,8n9lht
2289,8n8zpu
2290,8nd3sx
2291,8nav6u
2292,8n9k1e
2293,8ncy7p
2294,8ndpjr
2295,8n8y98
2296,8n8sm6
2297,8nc3me
2298,8n9ppf
2299,8nbpjw
2300,8nb22b
2301,8n7gg0
2302,8ncass
2303,8nbc5n
2304,8nagtz
2305,8ncdsh
2306,8n9cri
2307,8nabjx
2308,8nc8yw
2309,8n8qcu
2310,8ndkuo
2311,8nc1eb
2312,8nc79l
2313,8n9nu6
2314,8naigg
2315,8nbghy
2316,8ncqn8
2317,8n9lht
2318,8nca6z
2319,8nbl39
2320,8na1aq
2321,8n8zpu
2322,8na4kh
2323,8ndcvi
2324,8nc6ki
2325,8n9vb2
2326,8nd72f
2327,8ndwha
2328,8nb52q
2329,8nbey1
2330,8nav6u
2331,8n9k1e
2332,8ndpjr
2333,8n7rw0
2334,8n8b3p
2335,8nb2qd
2336,8n75qu
2337,8n9q8g
2338,8n9ppf
2339,8ncfvi
2340,8na3sz
2341,8n8e5t
2342,8n9kat
2343,8nb5mx
2344,8nazip
2345,8ndylo
2346,8ncthw
2347,8n7zbh
2348,8n73cv
2349,8na8z8
2350,8n8rg0
2351,8ndiq6
2352,8nd5wx
2353,8n7pg9
2354,8n9llh
2355,8n8rbo
2356,8n8owu
2357,8n8akd
2358,8n9dpr
2359,8nbvtc
2360,8n9utb
2361,8na8pe
2362,8nc5t4
2363,8n8xo5
2364,8ndbzj
2365,8nap91
2366,8nd3sx
2367,8nbp7e
2368,8nap7k
2369,8ncupa
2370,8n7ur2
2371,8n8ijo
2372,8n8g6w
2373,8nc6e3
2374,8nc5xm
2375,8nardk
2376,8n7d7j
2377,8n8ntn
2378,8ndfo2
2379,8n8w0t
2380,8napmp
2381,8ncbhl
2382,8nbmwd
2383,8nd7g6
2384,8n99m7
2385,8n9apk
2386,8nd7jr
2387,8n6zmy
2388,8n8j60
2389,8nbj9l
2390,8n9wgx
2391,8ndhcu
2392,8n9z5g
2393,8nayvh
2394,8n5wdy
2395,8nbewu
2396,8nbfbc
2397,8ndf75
2398,8nd2ye
2399,8ncj2t
2400,8ncupa
2401,8n8xo5
2402,8n7pg9
2403,8n9utb
2404,8na8z8
2405,8n8owu
2406,8n8rg0
2407,8ndiq6
2408,8ndvst
2409,8n8rbo
2410,8n9dpr
2411,8nbvtc
2412,8nbzy0
2413,8nc5xm
2414,8na8pe
2415,8nardk
2416,8nc5t4
2417,8ndbzj
2418,8nap91
2419,8nbp7e
2420,8nd3sx
2421,8nap7k
2422,8n8g6w
2423,8n8w0t
2424,8n7ur2
2425,8ncbhl
2426,8n8ijo
2427,8narnu
2428,8n7d7j
2429,8nd5m9
2430,8n8ntn
2431,8napmp
2432,8nbmwd
2433,8nd7g6
2434,8n99m7
2435,8n6zmy
2436,8n9apk
2437,8n8j60
2438,8n9wgx
2439,8n9z5g
2440,8n9xva
2441,8n5wdy
2442,8nayvh
2443,8n9oab
2444,8nbewu
2445,8nbfbc
2446,8nbl54
2447,8ndf75
2448,8nb97k
2449,8n8y98
2450,8ncj2d
2451,8nc7jb
2452,8n7e6v
2453,8nbdk9
2454,8nctp8
2455,8n9ngp
2456,8nbwv4
2457,8nd4sa
2458,8n9jse
2459,8n8sm6
2460,8ncdox
2461,8n9bqo
2462,8nb6i9
2463,8n8ier
2464,8n9f72
2465,8n8jxq
2466,8nbebf
2467,8nc2c4
2468,8nc8kp
2469,8ndi6y
2470,8n9kjx
2471,8nc6rz
2472,8nd5fg
2473,8n9eid
2474,8ndn1h
2475,8nb8dx
2476,8ncjpc
2477,8ncy56
2478,8ncqiy
2479,8nb715
2480,8n7z2u
2481,8nb6ti
2482,8ndlhh
2483,8nbvqk
2484,8n7m27
2485,8n8y9o
2486,8nd9om
2487,8n9uja
2488,8na79m
2489,8narx7
2490,8ncdyw
2491,8ncxc5
2492,8n80fz
2493,8naar0
2494,8na2d9
2495,8ncw71
2496,8n9rbm
2497,8nco07
2498,8nb73j
2499,8n64ax
